keys,mouse_distance,tab_switches,backspaces,risk_index
15,706.16,0,0,0
26,226.87,0,2,0
0,13.41,0,0,0
23,601.51,0,2,0
1,202.14,0,1,0
27,754.36,1,1,0
1,96.89,0,1,0
16,434.95,1,1,0
0,328.38,0,0,0
0,248.42,0,1,0
26,202.17,0,1,0
28,324.59,0,1,0
3,286.06,0,1,0
20,416.45,1,2,0
24,626.23,0,0,0
3,121.48,0,0,0
0,103.07,0,0,0
3,120.48,0,0,0
1,294.95,0,1,0
1,119.2,0,0,0
3,404.02,0,1,0
1,448.8,0,0,0
0,340.1,0,0,0
25,269.99,1,2,0
21,436.21,1,2,0
0,306.13,0,0,0
2,50.2,0,1,0
22,152.43,1,2,0
23,834.47,1,2,0
17,430.44,0,2,0
24,393.12,0,0,0
2,107.75,0,0,0
16,698.93,0,2,0
17,644.81,0,1,0
1,418.01,0,0,0
3,447.82,0,1,0
3,54.45,0,0,0
20,165.78,0,2,0
15,203.24,0,0,0
15,794.73,0,2,0
19,651.73,0,2,0
26,851.64,1,0,0
3,85.68,0,0,0
2,190.61,0,1,0
25,640.09,0,0,0
2,360.27,0,0,0
18,292.66,1,0,0
1,125.35,0,0,0
22,756.02,0,0,0
16,844.78,0,0,0
3,216.61,0,1,0
17,434.23,1,1,0
2,190.35,0,1,0
18,372.53,0,2,0
26,385.2,0,2,0
1,25.6,0,0,0
16,596.28,0,1,0
24,334.66,0,2,0
21,643.03,1,1,0
25,687.14,0,1,0
1,302.26,0,1,0
2,418.06,0,0,0
22,615.87,0,0,0
23,348.9,1,0,0
20,363.74,1,2,0
0,300.54,0,1,0
17,348.35,0,2,0
19,361.32,0,2,0
1,309.37,0,1,0
2,407.4,0,0,0
25,467.68,1,0,0
20,728.34,1,0,0
3,252.41,0,0,0
26,827.95,0,1,0
21,245.58,1,1,0
20,307.56,0,2,0
20,735.09,1,2,0
18,798.45,0,1,0
17,702.42,1,1,0
19,269.4,0,1,0
28,503.02,0,1,0
2,369.24,0,0,0
15,645.02,1,1,0
0,435.1,0,1,0
3,305.78,0,1,0
16,807.78,1,0,0
0,48.78,0,1,0
2,196.38,0,0,0
1,114.63,0,1,0
23,844.18,0,1,0
0,426.99,0,1,0
0,323.89,0,1,0
3,146.78,0,1,0
18,465.33,1,2,0
24,576.83,1,2,0
19,365.19,1,2,0
3,198.8,0,0,0
1,296.48,0,1,0
0,368.29,0,0,0
1,362.95,0,0,0
15,333.63,1,2,0
22,460.83,0,2,0
3,179.84,0,0,0
27,795.33,0,1,0
17,753.08,1,0,0
28,241.02,0,1,0
3,275.69,0,1,0
1,334.64,0,1,0
2,338.3,0,1,0
1,123.57,0,0,0
1,122.27,0,1,0
17,263.12,1,2,0
26,310.46,1,1,0
3,187.1,0,0,0
3,407.18,0,0,0
3,2.65,0,1,0
3,384.05,0,1,0
22,314.57,1,1,0
21,402.1,1,2,0
28,500.54,0,2,0
21,593.92,0,0,0
1,390.08,0,0,0
19,434.33,0,1,0
2,342.55,0,1,0
3,113.52,0,0,0
0,337.06,0,0,0
1,292.56,0,0,0
18,299.52,0,2,0
18,244.67,0,2,0
22,674.6,1,0,0
27,764.48,1,0,0
19,581.85,1,1,0
16,594.07,0,0,0
0,358.3,0,0,0
3,297.68,0,0,0
0,382.31,0,1,0
21,870.59,1,2,0
21,282.1,1,2,0
3,196.01,0,1,0
1,373.83,0,0,0
3,109.74,0,1,0
2,12.91,0,1,0
22,309.09,1,1,0
2,250.11,0,0,0
18,690.06,1,2,0
26,507.07,1,1,0
16,370.68,1,2,0
19,647.97,1,1,0
3,448.48,0,1,0
3,121.91,0,1,0
16,690.96,1,0,0
18,312.29,1,1,0
0,374.68,0,1,0
20,284.58,0,2,0
19,184.14,0,2,0
1,287.04,0,1,0
28,159.2,1,1,0
3,153.32,0,0,0
3,51.34,0,0,0
3,33.34,0,0,0
17,758.36,1,0,0
16,568.55,1,2,0
27,541.93,1,1,0
3,137.42,0,0,0
27,305.84,0,1,0
17,329.9,0,0,0
21,487.88,1,1,0
18,366.08,1,2,0
0,309.32,0,1,0
21,236.08,0,2,0
19,769.97,0,0,0
27,380.71,1,1,0
22,666.51,1,1,0
3,36.2,0,0,0
2,271.67,0,0,0
18,871.43,0,2,0
0,343.4,0,0,0
3,412.23,0,0,0
3,436.07,0,1,0
3,149.99,0,0,0
20,458.73,1,1,0
0,204.67,0,1,0
2,52.16,0,1,0
25,802.03,1,1,0
18,538.83,1,2,0
0,91.6,0,0,0
3,396.38,0,1,0
15,879.86,0,2,0
19,563.13,1,0,0
28,834.7,1,0,0
22,849.49,1,2,0
3,375.63,0,1,0
22,563.45,1,0,0
28,202.36,1,1,0
0,127.28,0,1,0
1,200.95,0,1,0
2,248.36,0,1,0
2,391.32,0,0,0
1,385.21,0,1,0
20,708.53,1,1,0
22,873.62,0,2,0
0,393.39,0,1,0
23,832.83,0,2,0
21,803.2,0,0,0
2,152.35,0,1,0
28,396.42,1,1,0
0,277.86,0,0,0
1,336.04,0,1,0
27,625.31,0,1,0
26,374.6,0,0,0
0,132.02,0,1,0
1,109.89,0,1,0
17,281.3,1,2,0
22,834.62,0,0,0
2,206.81,0,0,0
2,304.92,0,0,0
22,858.93,1,2,0
2,205.58,0,1,0
21,790.0,0,0,0
2,258.67,0,1,0
28,643.67,1,0,0
24,708.88,1,0,0
1,286.48,0,1,0
25,222.87,0,1,0
0,260.81,0,0,0
19,395.04,1,0,0
17,739.88,1,2,0
1,115.64,0,1,0
2,361.9,0,1,0
17,715.61,0,2,0
2,40.64,0,1,0
19,552.43,1,1,0
3,370.09,0,1,0
25,325.37,0,2,0
1,291.44,0,1,0
3,52.5,0,0,0
19,896.95,0,0,0
23,251.75,1,1,0
1,398.44,0,0,0
3,422.57,0,1,0
26,427.9,1,1,0
28,422.01,1,2,0
0,179.16,0,0,0
28,768.14,0,2,0
25,629.62,0,0,0
1,444.97,0,0,0
28,723.87,0,2,0
28,802.27,1,0,0
19,793.8,0,0,0
1,49.47,0,0,0
15,418.68,0,2,0
0,78.41,0,0,0
26,465.72,0,2,0
22,486.21,1,2,0
22,527.88,0,2,0
3,289.5,0,0,0
22,785.47,1,2,0
22,684.3,1,0,0
20,606.22,0,0,0
2,171.41,0,1,0
3,44.63,0,0,0
21,488.67,0,1,0
3,179.43,0,0,0
3,140.64,0,1,0
1,309.07,0,1,0
16,773.83,0,1,0
26,704.1,0,2,0
24,867.47,1,2,0
21,415.2,1,2,0
19,600.31,1,0,0
17,642.55,0,0,0
2,51.7,0,1,0
27,471.83,0,2,0
0,81.19,0,1,0
2,2.75,0,0,0
0,63.84,0,0,0
26,547.86,1,1,0
2,70.83,0,1,0
0,397.5,0,0,0
27,613.38,0,1,0
3,218.55,0,1,0
2,97.01,0,0,0
3,49.9,0,1,0
0,99.23,0,0,0
18,376.06,0,0,0
2,147.66,0,0,0
3,79.06,0,1,0
23,569.04,1,0,0
0,196.3,0,1,0
28,384.8,1,2,0
3,130.28,0,1,0
20,278.9,1,2,0
0,196.52,0,0,0
21,591.65,0,1,0
2,99.71,0,0,0
23,624.92,0,1,0
1,106.32,0,0,0
1,78.07,0,0,0
17,863.47,1,1,0
2,388.91,0,1,0
22,201.21,1,2,0
2,266.14,0,1,0
19,496.31,0,0,0
2,34.53,0,0,0
3,261.15,0,0,0
1,144.69,0,1,0
15,487.89,1,2,0
23,634.6,0,0,0
3,235.83,0,0,0
2,413.07,0,1,0
2,305.5,0,0,0
0,148.36,0,1,0
2,325.68,0,0,0
0,262.23,0,0,0
2,435.46,0,1,0
24,681.63,0,1,0
2,365.93,0,0,0
2,8.2,0,1,0
18,406.3,1,0,0
17,266.21,1,0,0
25,402.57,0,2,0
1,73.01,0,0,0
0,184.89,0,0,0
2,338.58,0,1,0
23,329.38,1,0,0
3,207.76,0,1,0
3,434.82,0,0,0
28,337.5,1,1,0
26,784.42,0,1,0
27,270.23,1,2,0
28,478.1,0,1,0
0,186.7,0,1,0
1,173.77,0,0,0
1,12.68,0,0,0
1,61.92,0,1,0
1,341.48,0,1,0
0,407.64,0,0,0
1,375.73,0,1,0
27,366.08,1,0,0
18,464.87,1,0,0
28,828.86,0,2,0
26,257.68,1,0,0
1,256.8,0,0,0
23,880.99,0,2,0
21,805.0,0,2,0
2,114.14,0,0,0
0,155.16,0,0,0
1,19.95,0,1,0
28,734.36,1,2,0
1,365.17,0,0,0
0,132.05,0,0,0
15,386.7,1,2,0
3,113.99,0,0,0
2,387.96,0,0,0
2,56.01,0,1,0
3,334.49,0,1,0
1,223.29,0,1,0
2,360.52,0,1,0
21,601.84,0,2,0
2,46.17,0,1,0
2,200.66,0,1,0
26,482.93,1,0,0
3,123.55,0,0,0
25,628.13,1,2,0
15,257.08,1,0,0
16,327.0,1,1,0
0,272.29,0,1,0
2,199.77,0,0,0
23,425.21,1,2,0
1,432.23,0,0,0
22,538.31,0,1,0
3,96.56,0,1,0
1,55.19,0,0,0
1,404.41,0,1,0
27,661.45,1,2,0
0,247.5,0,1,0
1,320.31,0,0,0
1,54.61,0,0,0
18,742.78,0,1,0
3,361.65,0,0,0
16,381.97,1,2,0
3,370.5,0,0,0
20,631.75,1,1,0
1,395.08,0,0,0
21,527.15,0,0,0
19,273.49,1,2,0
20,860.61,1,0,0
1,285.78,0,1,0
25,377.12,0,2,0
24,856.21,0,0,0
0,371.36,0,0,0
15,861.41,1,2,0
27,579.1,0,1,0
2,217.33,0,1,0
3,32.84,0,0,0
22,461.72,1,0,0
1,140.66,0,1,0
3,58.84,0,1,0
20,331.3,0,1,0
1,63.39,0,0,0
3,388.87,0,1,0
28,826.73,1,2,0
1,343.4,0,1,0
3,395.58,0,1,0
16,858.92,1,0,0
24,414.67,0,1,0
3,128.59,0,0,0
21,250.45,1,2,0
3,164.67,0,1,0
24,571.36,1,2,0
0,173.86,0,1,0
0,57.9,0,0,0
2,357.7,0,1,0
1,89.58,0,1,0
15,179.19,1,1,0
1,272.82,0,0,0
2,73.13,0,1,0
3,318.93,0,1,0
0,165.76,0,0,0
2,358.54,0,0,0
2,435.18,0,0,0
24,510.34,1,0,0
15,579.43,0,0,0
22,385.27,0,1,0
21,526.36,1,2,0
26,253.56,0,2,0
3,236.46,0,1,0
22,834.09,1,2,0
2,274.53,0,0,0
19,568.56,0,1,0
1,310.61,0,1,0
3,156.96,0,1,0
0,258.06,0,1,0
2,429.57,0,0,0
0,129.43,0,0,0
3,295.19,0,1,0
18,770.96,1,2,0
1,49.15,0,0,0
15,652.38,0,2,0
15,225.15,1,2,0
0,306.54,0,0,0
23,883.43,0,1,0
3,292.74,0,1,0
2,290.65,0,0,0
23,704.01,0,0,0
1,420.27,0,0,0
3,83.84,0,1,0
15,373.79,0,1,0
3,445.09,0,1,0
28,528.16,1,0,0
20,271.87,1,2,0
1,6.34,0,1,0
1,78.97,0,1,0
2,39.03,0,0,0
17,508.09,0,0,0
3,105.98,0,1,0
2,262.11,0,0,0
2,311.75,0,0,0
22,380.1,1,2,0
0,287.42,0,1,0
1,98.61,0,0,0
1,204.74,0,1,0
3,340.81,0,0,0
25,716.05,0,2,0
2,35.15,0,0,0
28,560.74,0,2,0
17,396.09,1,0,0
26,587.36,0,2,0
0,204.04,0,1,0
0,251.46,0,1,0
21,340.84,0,2,0
24,204.77,1,1,0
23,895.59,0,1,0
19,456.65,0,2,0
2,446.79,0,1,0
3,169.04,0,0,0
0,80.31,0,1,0
26,884.04,0,0,0
3,303.07,0,1,0
1,111.38,0,1,0
19,291.36,0,0,0
0,108.3,0,0,0
24,175.18,0,0,0
21,479.22,0,0,0
23,895.11,0,2,0
2,106.61,0,0,0
21,375.38,0,2,0
25,659.06,1,0,0
3,353.61,0,1,0
3,67.15,0,1,0
27,553.45,0,0,0
1,362.6,0,0,0
3,250.78,0,0,0
1,114.75,0,1,0
22,785.35,0,2,0
15,351.35,0,0,0
27,721.27,0,1,0
28,830.27,1,0,0
18,871.56,0,2,0
1,313.03,0,0,0
11,1915.13,2,5,1
12,1533.65,2,4,1
12,1466.0,2,5,1
8,1552.75,2,4,1
5,1260.77,2,5,1
7,1196.19,2,3,1
12,1550.64,2,5,1
12,1966.51,2,5,1
10,1169.27,2,4,1
13,1033.82,2,3,1
5,1412.39,2,5,1
5,1218.72,2,4,1
14,1912.75,2,6,2
5,1016.73,2,5,1
5,1502.22,2,5,1
7,1107.02,2,3,1
14,1526.46,2,4,1
10,1959.3,2,4,1
8,1299.97,2,3,1
5,1093.5,2,4,1
5,1702.85,2,3,1
10,1565.86,2,3,1
8,1211.42,2,5,1
5,1924.16,2,5,1
14,1658.11,2,3,1
8,1587.04,2,5,1
9,1162.45,2,3,1
13,1575.97,2,5,1
13,1714.0,2,4,1
10,1605.17,2,5,1
10,1029.63,2,4,1
8,1355.81,2,4,1
11,1085.69,2,5,1
6,1082.04,2,3,1
7,1739.66,2,5,1
12,1153.57,2,4,1
13,1349.55,2,4,1
14,1598.04,2,5,1
11,1779.17,2,5,1
8,1571.96,2,4,1
9,1235.74,2,3,1
12,1782.67,2,4,1
12,1593.81,2,2,0
11,1332.22,2,5,1
12,1334.74,2,6,2
14,1947.28,2,4,1
10,1291.45,2,5,1
8,1325.89,2,4,1
6,1932.07,2,3,1
13,1026.92,2,5,1
12,1971.58,2,5,1
12,1139.18,2,4,1
11,1789.08,2,3,1
14,1400.81,2,5,1
11,1543.65,2,4,1
14,1512.3,2,3,1
7,1647.0,2,3,1
11,1966.81,2,4,1
5,1098.61,2,3,1
14,1687.66,2,3,1
14,1690.44,2,2,0
9,1636.31,2,4,1
10,1455.33,2,3,1
6,1438.17,2,4,1
6,1022.59,2,4,1
7,1929.92,2,4,1
10,1559.85,2,4,1
7,1186.39,2,4,1
12,1449.6,2,4,1
6,1490.34,2,5,1
9,1670.7,2,4,1
14,1388.64,2,4,1
12,1617.36,2,5,1
14,1399.1,2,5,1
7,1373.31,2,3,1
7,1642.56,2,4,1
7,1554.91,2,5,1
14,1053.61,2,4,1
8,1815.22,2,5,1
12,1415.63,2,3,1
8,1292.09,2,4,1
12,1565.65,2,3,1
9,1775.11,2,4,1
12,1711.39,2,4,1
9,1874.81,2,3,1
6,1439.07,2,3,1
14,1689.13,2,5,1
14,1139.23,2,3,1
14,1350.82,2,5,1
9,1572.74,2,5,1
6,1135.59,2,4,1
7,1701.43,2,3,1
8,1761.47,2,6,2
11,1375.17,2,3,1
6,1402.85,2,5,1
10,1454.7,2,3,1
12,1634.84,2,6,2
8,1968.13,2,3,1
9,1513.97,2,5,1
5,1045.94,2,5,1
6,1929.43,2,4,1
8,1995.69,2,3,1
9,1093.34,2,4,1
7,1051.79,2,5,1
8,1429.23,2,4,1
6,1132.7,2,3,1
5,1695.6,2,3,1
7,1477.7,2,3,1
6,1103.2,2,3,1
7,1143.42,2,5,1
8,1628.08,2,3,1
12,1859.96,2,2,0
14,1730.01,2,4,1
7,1274.48,2,5,1
14,1458.46,2,5,1
8,1463.62,2,5,1
8,1494.89,2,3,1
6,1528.29,2,3,1
7,1386.84,2,5,1
7,1546.49,2,3,1
5,1922.58,2,4,1
13,1767.11,2,3,1
9,1083.6,2,3,1
7,1536.39,2,4,1
6,1310.17,2,4,1
5,1300.63,2,3,1
6,1012.66,2,4,1
13,1517.22,2,5,1
9,1732.94,2,4,1
9,1523.85,2,4,1
6,1496.15,2,5,1
14,1166.88,2,2,0
8,1922.24,2,3,1
12,1594.15,2,4,1
8,1321.8,2,4,1
6,1571.54,2,3,1
7,1223.19,2,5,1
6,1876.99,2,4,1
6,1553.09,2,3,1
9,1739.58,2,3,1
12,1997.79,2,3,1
8,1171.34,2,4,1
5,1950.99,2,3,1
9,1103.95,2,5,1
5,1972.56,2,2,0
13,1413.06,2,4,1
14,1095.58,2,3,1
14,1567.82,2,5,1
9,1850.91,2,4,1
10,1304.11,2,3,1
14,1092.0,2,3,1
13,1358.29,2,3,1
6,1090.42,2,5,1
14,1145.91,2,4,1
11,1513.46,2,5,1
7,1031.08,2,4,1
13,1396.76,2,3,1
8,1130.72,2,4,1
6,1582.32,2,3,1
8,1902.5,2,5,1
6,1254.76,2,4,1
11,1496.13,2,3,1
7,1274.98,2,3,1
9,1498.89,2,6,2
7,1419.23,2,5,1
13,1794.85,2,4,1
13,1781.44,2,4,1
11,1270.44,2,3,1
9,1058.59,2,4,1
8,1973.98,2,3,1
13,2064.48,2,5,1
11,1401.06,2,3,1
10,1913.98,2,3,1
14,1563.61,2,5,1
12,1542.12,2,2,0
14,1218.81,2,5,1
14,1201.46,2,4,1
5,1021.91,2,4,1
13,1860.67,2,3,1
11,1586.02,2,3,1
11,1791.84,2,5,1
8,1665.53,2,3,1
9,1228.35,2,5,1
14,1032.38,2,5,1
14,1218.99,2,5,1
6,1430.66,2,5,1
12,1011.4,2,4,1
6,1720.41,2,3,1
7,1884.55,2,4,1
11,1101.43,2,4,1
8,1162.66,2,2,0
10,1096.18,2,3,1
6,1547.05,2,3,1
12,1704.5,2,5,1
7,1053.56,2,5,1
9,1333.29,2,3,1
7,1054.5,2,3,1
14,1315.74,2,3,1
6,1473.57,2,3,1
12,1916.94,2,5,1
10,1186.58,2,3,1
8,1963.2,2,5,1
6,1668.14,2,5,1
8,1553.6,2,4,1
13,1687.07,2,4,1
9,1114.57,2,5,1
14,1902.16,2,5,1
7,1933.85,2,3,1
11,1249.44,2,5,1
6,1087.03,2,5,1
9,1519.69,2,3,1
13,1781.69,2,2,0
6,1562.68,2,3,1
10,1877.89,2,4,1
14,1473.05,2,4,1
5,1395.79,2,5,1
9,1897.03,2,3,1
9,1280.35,2,4,1
8,1134.39,2,5,1
9,1728.8,2,4,1
11,1740.94,2,5,1
13,1791.49,2,3,1
7,1780.52,2,4,1
8,1612.26,2,3,1
8,1273.98,2,4,1
6,1681.17,2,3,1
7,1960.52,2,4,1
7,1837.65,2,4,1
9,1063.58,2,3,1
8,1647.38,2,5,1
13,1225.81,2,5,1
14,1800.86,2,3,1
9,1712.74,2,5,1
11,1851.59,2,4,1
13,1824.31,2,5,1
13,1647.34,2,5,1
12,1063.84,2,4,1
9,1656.12,2,4,1
5,1805.43,2,5,1
7,1721.28,2,5,1
11,1508.63,2,5,1
8,1343.17,2,5,1
12,1906.53,2,5,1
7,1639.44,2,6,2
13,1762.92,2,3,1
6,1222.25,2,3,1
10,1371.68,2,5,1
12,1053.68,2,5,1
6,1472.22,2,3,1
11,1706.96,2,3,1
10,1409.19,2,5,1
7,1106.79,2,5,1
7,1200.18,2,3,1
7,1576.28,2,3,1
6,1129.41,2,4,1
12,1383.32,2,3,1
5,1980.38,2,5,1
8,1226.27,2,5,1
7,1065.29,2,3,1
13,1596.37,2,4,1
7,1342.73,2,5,1
5,1228.42,2,5,1
5,1695.25,2,3,1
11,1876.54,2,4,1
14,2162.74,2,4,1
11,1444.31,2,3,1
7,1205.49,2,5,1
6,1662.48,2,4,1
11,1830.65,2,3,1
9,1114.01,2,3,1
9,1831.5,2,3,1
7,1039.41,2,4,1
12,1125.11,2,4,1
7,2061.23,2,5,1
8,1456.75,2,3,1
5,1852.25,2,4,1
6,914.2,2,3,1
10,1357.53,2,4,1
6,1323.01,2,4,1
9,1835.71,2,5,1
7,1113.06,2,5,1
7,1103.71,2,5,1
12,1181.26,2,4,1
7,1438.72,2,5,1
10,1012.36,2,5,1
14,1223.98,2,5,1
14,1095.24,2,5,1
11,1148.65,2,5,1
5,1643.4,2,3,1
12,1869.42,2,3,1
10,1970.15,2,3,1
11,1375.37,2,3,1
6,1856.59,2,4,1
5,1127.19,2,4,1
14,1963.17,2,5,1
8,1654.6,2,4,1
5,1816.59,2,4,1
14,1473.13,2,5,1
6,1686.89,2,3,1
9,1547.69,2,3,1
12,1140.45,2,5,1
9,1786.95,2,3,1
8,1716.79,2,2,0
12,1457.39,2,6,2
5,1530.36,2,3,1
14,1482.93,2,5,1
14,1252.41,2,3,1
10,1504.11,2,4,1
8,1273.6,2,4,1
7,1138.18,2,5,1
9,1843.07,2,5,1
13,1632.58,2,3,1
10,1921.19,2,3,1
7,1503.89,2,5,1
10,1562.28,2,5,1
11,1674.24,2,5,1
5,1522.73,2,2,0
8,1266.98,2,3,1
7,1839.38,2,5,1
13,1216.32,2,4,1
8,1742.41,2,5,1
9,1692.94,2,3,1
10,1841.5,2,3,1
12,1829.98,2,5,1
14,1659.07,2,6,2
7,1820.35,2,3,1
11,1040.63,2,5,1
5,1330.56,2,6,2
14,1050.86,2,5,1
12,1789.91,2,5,1
10,1525.4,2,3,1
7,1415.93,2,5,1
8,1663.33,2,4,1
14,1530.5,2,5,1
5,1114.72,2,4,1
14,1918.61,2,3,1
10,1381.37,2,3,1
9,1024.71,2,5,1
13,1445.56,2,3,1
10,1742.03,2,3,1
5,1626.93,2,3,1
11,1835.67,2,3,1
11,1646.56,2,4,1
10,1184.99,2,3,1
14,1821.62,2,4,1
11,1433.03,2,2,0
14,1063.24,2,5,1
6,1501.15,2,5,1
6,1281.52,2,4,1
5,1473.99,2,5,1
13,1383.62,2,5,1
10,1957.39,2,3,1
6,1041.77,2,5,1
6,1304.69,2,5,1
8,1412.65,2,4,1
8,1457.56,2,4,1
5,1851.39,2,5,1
9,1784.48,2,4,1
10,1357.14,2,4,1
8,1317.79,2,4,1
14,1152.39,2,5,1
11,1168.64,2,4,1
11,1393.17,2,4,1
12,1445.36,2,3,1
9,1858.71,2,2,0
6,1892.11,2,5,1
14,1405.13,2,6,2
13,1893.99,2,5,1
10,1392.5,2,5,1
12,1501.12,2,3,1
8,1847.98,2,5,1
7,1446.22,2,3,1
7,1735.92,2,5,1
8,1062.86,2,4,1
13,1907.73,2,4,1
5,1039.9,2,5,1
13,1633.57,2,4,1
13,1570.16,2,4,1
6,1516.66,2,4,1
11,1352.9,2,4,1
14,1006.6,2,3,1
13,1472.16,2,3,1
6,1661.11,2,4,1
12,1675.23,2,5,1
5,1243.67,2,2,0
14,1146.87,2,4,1
14,2079.02,2,5,1
9,1947.25,2,3,1
12,1170.57,2,4,1
7,1623.21,2,5,1
10,1922.35,2,5,1
11,1132.21,2,3,1
13,1684.37,2,2,0
13,1583.03,2,3,1
13,1827.52,2,5,1
10,1874.82,2,5,1
12,1789.56,2,4,1
14,1097.72,2,3,1
6,1283.27,2,4,1
14,1599.81,2,5,1
10,1484.63,2,3,1
13,1423.56,2,4,1
11,1754.97,2,4,1
7,1370.21,2,5,1
14,1344.36,2,4,1
8,1446.59,2,6,2
10,1800.85,2,5,1
7,1184.65,2,6,2
6,1064.08,2,3,1
11,1930.68,2,4,1
14,1057.46,2,3,1
8,1850.57,2,4,1
14,1169.48,2,3,1
7,1086.84,2,4,1
11,1405.45,2,3,1
6,1919.18,2,5,1
14,1348.1,2,4,1
12,1767.23,2,5,1
13,1072.39,2,5,1
13,1813.15,2,5,1
11,1563.17,2,3,1
12,1681.59,2,5,1
9,1067.55,2,5,1
8,1800.16,2,4,1
5,1700.82,2,5,1
6,1554.55,2,3,1
14,1269.08,2,5,1
12,1737.11,2,3,1
8,1229.21,2,3,1
6,1119.88,2,3,1
14,1006.62,2,5,1
10,1620.67,2,4,1
14,2000.9,2,4,1
11,1234.96,2,5,1
13,1032.56,2,4,1
7,1457.2,2,3,1
5,1011.82,2,4,1
14,1861.84,2,3,1
12,1958.53,2,4,1
8,1419.09,2,4,1
12,1179.89,2,3,1
6,1720.82,2,3,1
8,1298.68,2,6,2
7,1995.56,2,5,1
12,1300.03,2,4,1
7,1060.04,2,4,1
12,1744.59,2,4,1
9,1527.82,2,4,1
8,1576.85,2,6,2
10,1325.09,2,5,1
6,1381.07,2,4,1
7,1640.58,2,4,1
11,1770.71,2,3,1
9,1710.43,2,5,1
12,1780.97,2,4,1
12,1413.99,2,2,0
9,1940.44,2,5,1
11,1103.01,2,3,1
5,1026.36,2,4,1
6,1478.25,2,3,1
8,1247.4,2,3,1
5,1035.15,2,4,1
12,1467.19,2,5,1
7,1969.54,2,5,1
12,1631.05,2,5,1
13,1309.66,2,4,1
6,1441.86,2,3,1
5,1523.32,2,3,1
5,1687.77,2,4,1
5,1765.87,2,4,1
13,1373.64,2,4,1
8,1163.27,2,5,1
8,1262.98,2,4,1
14,1807.57,2,5,1
13,1593.04,2,3,1
12,1617.73,2,4,1
10,1019.4,2,2,0
9,1269.2,2,4,1
7,1014.72,2,3,1
12,1997.96,2,3,1
7,1041.11,2,5,1
11,1828.25,2,3,1
11,1771.23,2,4,1
8,1460.83,2,3,1
12,1389.12,2,3,1
13,1520.93,2,4,1
10,1887.52,2,6,2
10,1015.07,2,4,1
8,1008.93,2,3,1
14,1154.99,2,3,1
14,1266.18,2,4,1
7,1487.84,2,4,1
10,1805.53,2,5,1
10,1724.4,2,4,1
12,1559.02,2,4,1
13,1347.66,2,5,1
14,1930.04,2,5,1
9,1610.62,2,4,1
7,1882.93,2,5,1
8,1320.69,2,3,1
3,2417.71,6,12,2
7,3169.72,5,6,2
3,2449.82,3,7,2
3,3447.43,5,6,2
0,2028.79,4,11,2
0,3029.73,3,8,2
3,3808.46,3,12,2
0,4015.94,3,7,2
4,2847.73,4,10,2
7,3228.53,6,11,2
3,3545.61,6,6,2
3,3110.32,4,10,2
2,3985.47,5,12,2
3,3817.54,5,10,2
3,3684.56,5,8,2
3,2000.43,3,8,2
2,2272.0,4,7,2
4,4022.05,4,6,2
2,2807.58,4,7,2
4,2879.56,4,11,2
1,3320.88,3,10,2
3,2172.65,3,12,2
3,2916.35,3,12,2
4,4074.98,6,6,2
7,2719.03,4,7,2
3,3656.25,3,7,2
1,2210.17,3,9,2
0,2876.76,6,12,2
3,3230.45,6,9,2
5,4193.57,4,7,2
4,2197.11,6,9,2
2,3306.53,3,12,2
2,3807.48,6,10,2
1,2439.31,5,7,2
0,3627.08,4,10,2
2,1797.42,3,8,2
4,2466.13,5,10,2
1,3529.16,3,9,2
0,2562.0,3,8,2
2,2116.79,3,6,2
2,3901.42,3,8,2
1,4155.54,3,8,2
0,2208.03,6,10,2
4,2818.29,6,9,2
2,3181.65,4,10,2
3,3958.88,3,10,2
2,3973.79,4,6,2
4,3919.94,4,9,2
2,4001.42,5,9,2
7,3278.27,4,12,2
6,4001.04,6,12,2
2,2149.19,3,7,2
0,3683.96,6,9,2
2,2334.31,4,6,2
4,3357.28,4,10,2
2,2174.85,6,7,2
2,2404.75,6,9,2
1,2070.91,3,8,2
1,3667.11,3,7,2
4,3077.87,5,12,2
3,3707.67,6,11,2
5,3306.37,3,10,2
0,3931.12,4,10,2
0,3226.94,3,7,2
2,3702.09,5,9,2
0,3517.9,4,9,2
4,2248.98,4,9,2
4,2998.1,4,9,2
5,3580.42,3,6,2
0,3152.4,6,11,2
1,2833.09,6,6,2
4,3916.87,4,7,2
0,2923.08,5,11,2
4,2256.72,4,7,2
3,3195.7,3,10,2
4,3450.84,6,9,2
0,2538.37,5,10,2
1,2390.68,4,6,2
4,3777.2,5,8,2
1,2354.94,5,10,2
4,3732.08,4,9,2
0,2204.88,5,8,2
0,3956.1,3,8,2
2,3216.61,4,11,2
4,4171.82,6,11,2
2,2939.52,5,8,2
2,4039.63,6,10,2
1,3944.06,4,11,2
0,2052.77,3,11,2
3,2910.89,5,8,2
0,3409.36,5,8,2
4,3209.99,3,6,2
4,3355.19,3,12,2
2,4029.02,6,9,2
3,2341.85,6,12,2
3,4041.14,3,12,2
2,3221.39,3,7,2
2,2145.67,4,8,2
3,3378.32,4,10,2
0,3902.11,5,11,2
2,2910.51,6,7,2
2,2475.51,5,7,2
0,2976.3,3,12,2
1,2748.25,6,11,2
2,2315.25,3,12,2
1,2451.41,3,9,2
0,2009.04,3,11,2
2,3027.13,3,6,2
2,2049.46,5,11,2
1,2349.9,5,12,2
2,2251.81,3,7,2
2,2402.04,5,10,2
7,3096.15,3,7,2
0,2938.22,4,11,2
3,3355.89,5,8,2
7,2172.8,6,10,2
3,2682.86,6,9,2
4,2567.72,5,9,2
2,3425.62,5,9,2
3,3014.73,4,8,2
1,3162.41,6,12,2
0,3743.35,6,9,2
3,3205.49,6,9,2
4,2948.53,6,10,2
1,2380.79,3,11,2
3,2251.51,6,8,2
1,2677.68,6,6,2
4,3696.96,6,8,2
0,2478.75,4,10,2
0,3665.57,4,9,2
4,2983.75,4,11,2
2,4020.7,6,11,2
4,3602.86,6,12,2
0,2001.86,5,6,2
1,2949.77,6,11,2
3,3001.76,4,11,2
2,3847.92,4,8,2
1,2025.53,3,7,2
5,4144.95,4,6,2
4,4046.68,4,9,2
3,2844.9,4,7,2
1,3566.69,5,9,2
0,4152.11,6,11,2
0,2312.59,5,9,2
4,2194.58,6,11,2
4,3504.96,5,10,2
0,3031.51,6,10,2
2,2636.26,3,11,2
4,2965.27,6,10,2
2,2060.06,6,6,2
2,2243.75,5,8,2
1,4002.29,4,11,2
2,3721.56,4,9,2
0,2754.27,3,7,2
3,3656.07,6,12,2
1,2463.88,5,6,2
0,2115.55,6,9,2
4,2514.05,6,9,2
3,2026.1,6,9,2
0,2214.2,5,12,2
7,2736.93,5,12,2
3,3700.93,4,11,2
4,2742.29,4,8,2
5,2026.32,3,10,2
2,2629.48,3,6,2
1,4174.82,3,11,2
3,3444.07,4,6,2
3,3453.05,3,11,2
3,3744.57,5,8,2
3,2854.9,3,8,2
3,2152.68,4,10,2
0,2269.79,6,7,2
2,2227.23,3,6,2
3,1671.55,6,7,2
3,2586.16,5,9,2
3,3051.91,6,12,2
0,3188.28,3,9,2
3,2266.65,5,8,2
0,2803.78,5,6,2
5,3425.14,4,10,2
2,3530.94,3,11,2
3,3617.71,4,6,2
4,2524.67,6,6,2
2,3174.67,6,6,2
0,2892.12,4,12,2
3,2327.7,4,6,2
0,2774.48,3,7,2
0,3990.26,3,9,2
0,3799.16,3,6,2
1,2138.84,4,9,2
3,2713.32,4,8,2
3,3304.79,5,6,2
1,3531.85,4,9,2
1,2219.93,6,12,2
0,2013.97,4,6,2
3,2915.69,6,11,2
4,2734.92,4,7,2
3,3346.51,3,11,2
6,2010.05,4,7,2
4,2796.18,4,9,2
5,2116.75,3,12,2
1,3474.31,3,6,2
2,2553.04,6,6,2
1,2135.94,3,9,2
3,3303.95,5,9,2
2,2506.14,3,8,2
6,3913.75,6,7,2
3,2494.73,6,7,2
7,4146.22,4,8,2
2,2300.3,6,9,2
1,3950.1,4,12,2
1,3271.87,4,6,2
5,3301.48,6,8,2
1,2545.23,6,10,2
1,3986.78,3,9,2
4,2073.97,6,9,2
0,3180.8,4,6,2
1,2275.79,5,7,2
2,2355.97,6,12,2
3,3020.27,4,12,2
2,3378.98,3,12,2
2,3168.02,5,9,2
4,3193.36,4,12,2
2,3618.67,3,10,2
0,2244.13,5,9,2
1,3425.98,3,10,2
2,2524.99,3,11,2
4,3916.49,4,12,2
4,3975.45,6,8,2
3,3103.19,3,9,2
4,3978.79,6,10,2
3,2414.38,6,6,2
0,2240.6,5,6,2
1,3145.51,3,8,2
1,2793.84,6,9,2
0,3917.95,4,12,2
3,3273.15,5,9,2
4,2979.56,5,10,2
2,2381.42,5,8,2
3,4103.67,4,11,2
1,3699.83,4,7,2
1,2969.96,5,7,2
2,4151.65,4,8,2
4,2663.43,3,9,2
3,4041.18,4,6,2
4,2728.82,5,9,2
4,3467.15,6,8,2
6,2306.73,3,8,2
3,2786.27,5,6,2
6,2488.72,5,7,2
0,4146.85,6,7,2
5,4075.48,5,9,2
2,2026.82,5,8,2
4,2192.72,6,11,2
2,2430.08,6,11,2
0,2316.01,5,9,2
7,2145.45,6,6,2
3,2384.76,6,11,2
1,2670.21,6,8,2
2,2668.61,6,7,2
2,4103.26,6,6,2
4,2394.62,4,6,2
0,3317.56,5,10,2
2,3381.59,6,11,2
4,2007.43,5,7,2
1,2786.25,3,8,2
2,1862.22,5,10,2
1,3682.32,4,10,2
2,2597.21,5,6,2
1,2028.37,5,8,2
1,2225.32,4,10,2
4,3604.62,3,9,2
0,3054.94,5,11,2
4,3402.53,5,7,2
1,1987.35,4,11,2
5,2934.57,3,6,2
0,2431.97,3,12,2
7,1938.83,5,6,2
0,4024.22,4,10,2
2,2064.37,4,12,2
4,2765.24,4,12,2
1,3110.8,3,6,2
4,2477.4,4,8,2
0,4141.88,3,7,2
3,3074.01,4,9,2
4,2621.25,4,9,2
1,3090.8,5,11,2
0,2721.85,3,9,2
2,3511.5,6,7,2
3,2415.33,3,12,2
5,2394.45,6,11,2
0,2262.28,6,9,2
1,2142.36,4,8,2
3,2270.08,6,11,2
4,3306.03,6,8,2
3,3973.1,5,7,2
2,2507.81,4,6,2
3,3491.84,4,9,2
6,3368.33,3,12,2
3,2444.25,6,9,2
4,3162.66,3,9,2
3,2973.62,3,6,2
2,3946.34,4,9,2
3,3072.4,3,10,2
4,3258.86,6,10,2
3,2579.46,6,10,2
4,2705.06,3,10,2
4,2059.18,5,9,2
3,2772.79,4,7,2
0,4002.86,3,12,2
0,3184.52,3,9,2
4,3983.1,5,6,2
2,2831.02,6,8,2
0,3519.9,4,8,2
2,2366.58,5,8,2
0,3848.84,4,8,2
4,3159.81,4,10,2
0,3302.1,5,6,2
3,2461.43,3,11,2
2,2952.4,5,7,2
4,2997.1,4,6,2
1,3269.06,4,11,2
3,2349.98,6,10,2
3,2325.04,4,11,2
3,2902.57,3,11,2
2,3421.29,5,11,2
0,2329.92,3,7,2
3,2959.1,6,9,2
1,2064.11,5,11,2
2,4120.33,6,12,2
2,3907.78,6,8,2
7,4074.96,4,7,2
0,3148.31,5,9,2
0,3701.02,5,8,2
3,4058.1,4,7,2
3,2898.43,3,9,2
0,2696.28,6,9,2
1,2798.6,5,12,2
4,2076.58,3,11,2
2,3216.0,5,11,2
0,3545.4,4,12,2
2,2661.95,4,8,2
2,3388.98,6,12,2
3,3036.4,6,12,2
5,3813.68,5,10,2
2,3623.13,6,11,2
1,3386.34,4,6,2
2,3266.78,3,7,2
1,3863.31,6,12,2
1,2467.58,5,12,2
3,3928.06,4,6,2
4,3378.58,3,9,2
1,2003.86,6,10,2
4,2258.17,6,12,2
3,2260.73,4,7,2
3,2633.52,6,9,2
2,3598.76,4,9,2
0,2638.42,5,7,2
3,3282.39,6,6,2
3,3511.08,6,11,2
0,2209.61,3,6,2
2,4192.83,3,6,2
2,4150.55,5,7,2
4,2394.62,4,10,2
3,1983.7,5,11,2
0,4152.74,6,12,2
2,4037.72,5,8,2
2,3137.34,6,7,2
1,2969.0,6,6,2
5,2457.71,6,9,2
4,3067.44,6,6,2
0,2769.13,4,12,2
4,4023.14,4,10,2
1,2916.12,3,7,2
2,2057.12,3,9,2
7,3841.35,4,6,2
3,3382.38,5,10,2
0,3443.58,6,8,2
4,2284.5,3,12,2
0,3636.36,6,6,2
3,2196.21,4,7,2
1,2265.32,6,12,2
2,3988.22,4,8,2
4,2439.72,6,9,2
3,2198.49,6,12,2
3,2204.48,5,9,2
1,4288.7,3,8,2
2,2326.93,4,11,2
2,2941.01,3,10,2
4,2934.81,3,9,2
2,2911.27,3,12,2
7,3729.59,6,6,2
4,3593.01,6,10,2
1,2464.35,3,11,2
0,3079.0,3,6,2
3,3521.97,6,8,2
2,3130.56,6,12,2
5,3795.13,4,12,2
1,2958.73,4,6,2
3,2928.13,3,7,2
3,4120.51,6,6,2
1,2926.73,6,6,2
3,4154.87,6,11,2
2,2081.44,6,9,2
6,2510.19,3,10,2
6,2589.27,6,9,2
2,2986.32,6,6,2
3,2756.46,4,10,2
2,4027.82,6,7,2
3,4111.57,5,12,2
1,3368.05,5,11,2
1,2381.24,4,10,2
2,2668.03,4,10,2
2,2785.5,4,7,2
3,3554.27,5,9,2
6,4186.06,5,12,2
5,3877.5,3,11,2
0,4144.25,3,12,2
1,3385.84,4,8,2
3,3676.32,6,11,2
2,2736.14,4,6,2
3,3692.28,3,7,2
2,3111.05,3,8,2
2,3384.77,4,7,2
1,2303.59,6,9,2
4,3748.14,5,6,2
4,4076.01,3,8,2
7,2954.96,6,12,2
4,2127.18,5,9,2
4,3921.8,5,8,2
4,4024.99,6,9,2
4,3734.35,6,11,2
4,3705.88,5,6,2
6,3145.03,5,7,2
6,3665.5,4,6,2
1,3830.9,5,11,2
0,4056.73,5,11,2
0,2987.22,3,9,2
4,3244.31,4,8,2
4,3492.52,6,10,2
7,3810.25,5,9,2
3,2180.28,3,9,2
3,2171.76,6,10,2
2,3285.47,6,9,2
7,3812.39,4,10,2
4,3899.2,3,11,2
1,4076.95,5,6,2
0,2657.03,5,6,2
2,2738.87,6,6,2
0,4061.01,5,8,2
3,2004.59,5,6,2
4,2681.34,6,8,2
4,2292.18,4,10,2
3,2327.76,5,6,2
3,2851.92,6,8,2
3,3723.1,3,12,2
2,3234.3,3,11,2
4,3192.04,3,10,2
4,3973.1,3,11,2
0,2604.92,4,7,2
4,2977.3,5,9,2
6,2747.9,4,9,2
2,2004.7,3,10,2
0,2339.3,6,11,2
2,2399.21,3,8,2
3,3964.62,5,9,2
0,2445.63,4,9,2
0,2215.56,5,9,2
1,4010.22,3,8,2
0,2541.9,4,8,2
4,2447.61,4,8,2
1,3154.3,6,10,2
5,2636.35,4,6,2
2,3846.87,6,8,2
4,2290.66,4,11,2
0,3827.1,5,9,2
2,3944.65,5,11,2
3,2600.63,5,8,2
2,2034.92,4,11,2
0,3983.18,4,9,2
3,3677.42,3,12,2
5,2068.08,6,11,2
2,2850.85,3,6,2
3,2020.6,3,12,2
2,2421.33,5,12,2
3,4128.05,3,8,2
4,2281.87,4,12,2
4,3086.82,4,11,2
2,3590.16,3,10,2
1,4314.06,5,7,2
4,3351.8,6,6,2
0,3878.49,5,9,2
0,3496.38,6,9,2
1,1859.01,6,10,2
0,3936.22,3,11,2
0,4117.63,4,7,2
0,3055.93,3,10,2
2,2543.74,6,7,2
2,3143.29,4,6,2
0,3375.77,3,6,2
12,1014.53,5,1,1
4,361.21,3,0,1
9,1787.92,3,1,1
3,1961.67,4,0,1
9,2409.82,3,1,1
13,806.09,4,0,1
14,1198.19,3,1,1
10,1892.4,5,0,1
14,1544.75,4,3,1
3,466.99,4,1,1
18,2252.48,1,2,0
16,866.34,3,7,2
14,683.4,1,0,0
1,531.97,4,6,2
16,2695.33,2,4,1
18,2501.58,1,2,0
15,1002.55,2,4,1
11,2722.7,4,2,1
1,817.21,4,0,1
13,1093.92,1,3,1
2,1088.04,5,7,2
14,1759.38,2,5,1
9,1288.61,1,1,0
14,2477.87,0,7,1
7,2591.88,5,3,2
7,1413.0,1,3,1
15,2109.92,2,6,1
6,1240.81,0,5,1
0,391.7,0,8,2
3,570.25,3,3,2
18,2573.04,2,0,0
0,717.72,2,2,1
7,2501.99,5,2,1
10,2403.59,1,2,0
6,255.88,2,1,0
0,2361.76,1,6,2
3,1079.8,1,4,1
14,824.39,2,2,0
16,2740.46,4,6,2
2,508.08,1,3,1
6,1584.64,5,5,1
10,1758.83,5,3,1
1,2184.01,4,3,2
17,964.88,1,5,0
7,338.47,2,2,0
16,2717.8,3,3,1
2,2240.13,5,1,1
5,1522.4,5,8,2
11,1496.33,3,2,1
10,2052.47,4,7,2
15,1431.77,4,6,2
18,1889.32,1,3,0
6,1375.41,1,6,1
6,995.6,3,2,1
11,861.78,0,2,0
2,967.12,4,5,2
7,1718.3,3,8,2
10,1307.87,3,6,2
13,1155.53,3,5,1
8,1194.16,1,7,1
7,890.62,0,5,1
2,965.75,4,8,2
17,1873.5,2,3,1
3,508.33,2,0,1
17,720.8,1,5,0
8,987.06,5,4,1
6,2034.67,1,8,1
8,222.19,2,4,1
11,2236.13,3,6,2
18,2170.3,0,7,1
16,2772.11,1,6,1
7,790.01,5,3,1
15,807.68,4,8,2
14,2078.53,3,5,2
2,1013.99,1,6,2
13,744.92,3,8,2
0,1174.22,4,2,1
9,2652.72,0,7,1
11,1083.54,3,6,2
12,2183.39,5,8,2
9,1047.81,0,0,0
4,599.6,2,6,2
12,730.93,3,1,1
17,1204.73,3,1,1
10,1680.74,3,4,1
2,645.7,5,8,2
5,283.35,5,7,2
0,685.4,0,6,2
9,735.32,2,8,1
2,1382.13,2,8,2
0,646.75,3,6,2
5,2772.95,1,8,1
13,1443.45,0,6,1
6,537.82,1,4,1
13,2326.53,5,7,2
5,1769.64,2,3,1
16,2063.61,3,4,1
6,219.35,1,7,1
2,2343.91,4,3,2
16,1055.12,4,7,2
14,1403.01,0,1,0
9,1880.38,3,5,1
9,1216.83,1,6,1
7,666.9,4,6,2
14,1200.13,5,2,1
18,448.39,5,0,0
7,2502.41,1,4,1
17,958.91,0,3,0
15,1269.32,4,1,1
11,398.99,0,8,1
10,1266.25,1,4,1
6,1515.77,3,0,1
2,1861.05,5,7,2
12,1093.51,3,3,1
12,298.21,2,1,0
4,1050.49,5,7,2
15,1399.53,0,8,1
7,2055.31,3,2,1
15,2333.11,1,2,0
0,1778.17,1,4,1
3,1590.1,3,2,1
2,1945.62,0,4,1
4,1345.71,1,3,1
1,2520.99,4,3,2
14,2011.53,5,8,2
